Name,Position,Office,Age,Start date,Salary,Years Worked
Kenneth Alvarado,Industrial buyer,Port Rachelville,41,1983-06-16,$54009,41
Jason Frazier,Telecommunications researcher,Kaylabury,31,1992-11-08,$117461,31
Kristina Molina DDS,Learning mentor,West Maria,30,1994-04-30,$149606,30
Amber Nguyen,Surveyor quantity,East Laura,29,1995-02-02,$149243,29
Joseph Kline,Teaching laboratory technician,South Christopher,21,2003-01-30,$89411,21
Eric Smith,Financial manager,Lake Cindy,37,1987-08-06,$125016,37
Anna Peters,Applications developer,East Rachael,33,1990-10-12,$71229,33
Rebecca Taylor,Equities trader,Ashleyton,56,1968-01-13,$84973,56
Laura Gilbert,Print production planner,North Johnhaven,40,1983-10-07,$101845,40
Joseph Diaz,Health physicist,Rangelhaven,50,1974-08-13,$67900,50
Mindy Russell,Product manager,Marthashire,40,1983-10-12,$108407,40
Michelle Cruz,Fine artist,New Erikaport,52,1972-05-02,$104904,52
Christopher Barnett,Oceanographer,West Jessicaville,58,1966-06-28,$116703,58
Bryan Fitzgerald,Technical sales engineer,Singhchester,27,1997-04-23,$100570,27
Jason James,Civil Service fast streamer,North Kimberly,22,2002-01-13,$92091,22
Debra Beasley,Airline pilot,Davidstad,30,1994-08-29,$87794,30
Michael Edwards,Scientist biomedical,Port Sheila,26,1998-03-28,$51656,26
Cynthia Patterson,Travel agency manager,Elizabethview,29,1995-08-07,$80672,29
Lawrence Scott,Research officer political party,North Kayleestad,52,1971-09-23,$110635,52
Sue Thompson,Bookseller,Nortonhaven,22,2002-06-27,$51232,22
Michael Smith,Engineer maintenance (IT),Allenport,58,1966-07-30,$54450,58
Mary Hicks,Presenter broadcasting,South Kennethville,37,1986-12-14,$148288,37
Nicholas Wallace,Ship broker,Lake Emilyhaven,22,2002-06-06,$101841,22
Dr. James Patterson,Engineering geologist,Michaelfort,51,1972-10-12,$69861,51
Heather Johnson,Consulting civil engineer,Spencemouth,26,1998-06-08,$104553,26
Alyssa Shannon,Nurse learning disability,Scottberg,49,1975-03-26,$58384,49
Lindsey Fuentes,Trade mark attorney,Christinashire,34,1990-02-08,$72976,34
Stephen Wagner,Clinical embryologist,Catherineview,31,1993-01-14,$75080,31
Kristin Scott,Recruitment consultant,Richardsonbury,32,1992-02-25,$64599,32
Larry Cross,Paramedic,North Samantha,42,1982-06-14,$103521,42
David Mack,Administrator local government,Lake Daniel,34,1989-09-11,$98942,34
Chelsea Diaz,Scientist product/process development,Jameschester,59,1965-08-25,$89420,59
Deborah Gomez,Teacher primary school,Stanleyfort,55,1969-09-06,$50168,55
Justin Barry,Teacher primary school,Evanshaven,57,1966-10-28,$143585,57
Sean Johnson,Chief Executive Officer,Stephanieshire,60,1964-05-15,$113545,60
Brian Smith,Osteopath,West Douglas,55,1968-11-09,$129449,55
Lisa Ayala,Historic buildings inspector/conservation officer,East Douglasmouth,59,1965-07-12,$63342,59
Jamie Gonzalez,Ambulance person,Smithchester,31,1992-10-12,$52032,31
Kelly Jackson,Furniture conservator/restorer,Johnstad,38,1986-04-10,$106066,38
Frederick Jacobs,Training and development officer,Rachelbury,31,1992-10-08,$66090,31
Alison Scott,Risk analyst,West Heatherland,29,1995-03-10,$135444,29
Ashley Ayala,Administrator charities/voluntary organisations,North Kimberlystad,59,1965-07-19,$122220,59
Tiffany Stephens,Armed forces operational officer,Valentinehaven,46,1978-04-22,$130656,46
Brandon Williams,Horticulturist amenity,Pearsonside,41,1983-02-05,$129486,41
Amy Campos,Systems developer,Port Heidiberg,37,1986-09-15,$105088,37
Heather Harrington,Microbiologist,Annetteland,58,1966-05-24,$50842,58
Michael Brown,Leisure centre manager,Loveborough,59,1965-05-11,$113314,59
Tina Harris,Statistician,Leslieville,46,1978-01-27,$132429,46
Natasha Bender,Development worker community,Claytonside,51,1973-04-26,$55027,51
Devin Dunn,Trade mark attorney,Marshland,42,1982-01-02,$132841,42
Brandon Walsh,Dealer,Michaelfort,44,1980-04-13,$114106,44
Kevin Anderson,Barrister's clerk,Theodorehaven,22,2002-07-23,$102367,22
Gordon Fowler,Insurance claims handler,Higginsshire,36,1988-04-03,$148123,36
Loretta Mendoza,Community pharmacist,Guzmantown,43,1981-06-02,$148235,43
Phillip Castro,Logistics and distribution manager,Shawnaborough,42,1981-10-07,$54106,42
Jenna Bauer,Politician's assistant,Lake Sophiaborough,56,1968-08-22,$69115,56
Jennifer Gray,Public librarian,New Rebeccatown,35,1989-04-21,$133577,35
Dawn Williams,Surgeon,Port Gregoryland,24,2000-01-30,$147604,24
Jose Spencer,Private music teacher,Williamston,42,1981-10-31,$89235,42
Brianna King,Biomedical scientist,South Jenniferview,42,1982-07-03,$103113,42
Rachel Rice,Copywriter advertising,South Ericport,45,1979-04-02,$77800,45
Janice Zimmerman DDS,Clinical scientist histocompatibility and immunogenetics,West Deniseville,49,1975-07-05,$142912,49
Wesley Lara,Race relations officer,North Timothy,48,1976-08-17,$101072,48
Timothy Pitts,Holiday representative,Davidtown,46,1978-02-28,$72524,46
Allen Leonard,Clinical biochemist,North Justin,44,1980-01-11,$145021,44
Megan Tapia,Air traffic controller,Greenville,37,1986-09-17,$113086,37
Richard Jones,Engineer control and instrumentation,West Danielview,31,1992-12-21,$75833,31
Samantha Gonzalez,International aid/development worker,New Heathermouth,21,2003-06-08,$109389,21
Robin Frost,English as a foreign language teacher,Jonathanchester,22,2002-08-24,$122874,22
Dave Alexander,Homeopath,North Amandamouth,38,1986-01-09,$85180,38
Bryan Zimmerman,Naval architect,Jenniferland,53,1970-11-07,$132777,53
Terri Morgan,Chiropractor,Hardytown,32,1992-01-14,$110875,32
Todd Phillips,Bookseller,South Derekfort,45,1979-01-07,$126314,45
Sheila Curtis,Medical sales representative,Deborahville,50,1974-05-29,$62079,50
William Gardner,Embryologist clinical,North Cassandra,47,1976-11-22,$55960,47
Todd Tran,Quarry manager,Lanefurt,23,2000-10-06,$127526,23
Kathryn Martin,Retail buyer,Port Charles,60,1964-08-29,$113069,60
Peter Wolf,Museum/gallery curator,Jaredbury,53,1971-05-24,$61526,53
Kevin Lamb,Chartered certified accountant,North William,40,1983-10-23,$124133,40
Jacob Stanton,Customer service manager,Oliviaburgh,48,1976-01-22,$104234,48
John Nelson,Lecturer further education,Hardyhaven,30,1993-11-29,$115073,30
Jacob Jennings,Legal secretary,Mcdowellborough,47,1976-10-16,$79015,47
Judy Glass,Technical brewer,Tanyachester,39,1985-03-05,$102923,39
Donald Horne,Recycling officer,South Baileyfurt,33,1990-11-13,$76589,33
Larry Salazar,Architectural technologist,Stephenport,30,1994-03-18,$126279,30
David Robinson,Forensic scientist,Priceton,36,1987-09-29,$82387,36
Jennifer Wilson,Theme park manager,Jamesfort,45,1979-02-14,$68729,45
Brian Hall,Chartered certified accountant,Holmesmouth,31,1993-08-22,$104646,31
Morgan Thompson,Accountant chartered management,New Douglasmouth,42,1982-03-12,$92208,42
Aaron Raymond,Psychologist counselling,New Denise,21,2003-06-19,$109191,21
Daniel Johnson,Neurosurgeon,Jessicamouth,33,1991-07-16,$79369,33
Rachel Hill,Surveyor mining,Hollandberg,30,1993-11-27,$135925,30
Nicholas Garner,Health physicist,Fosterville,41,1983-05-28,$126944,41
Miss Denise Thomas,Technical sales engineer,South Jamestown,22,2002-06-22,$83570,22
Crystal Roberts,Pharmacologist,Warrenmouth,50,1974-05-27,$104225,50
Matthew David,Chartered loss adjuster,South Kathryn,34,1989-09-10,$73629,34
Mrs. Catherine Clark MD,Information officer,Jasminehaven,20,2003-09-20,$68105,20
Joshua Meza,Television/film/video producer,Port Tamaraberg,51,1973-06-03,$84927,51
Natasha Ashley,Teacher adult education,Saundersville,40,1984-01-17,$116421,40
Gary Clark,Forensic psychologist,Port Kenneth,32,1992-01-19,$146441,32
Kathleen Smith,Emergency planning/management officer,Ericport,33,1991-08-03,$109598,33
Michael Mitchell,Heritage manager,West Ericfort,49,1975-06-09,$106749,49
Jerome Lopez,Clinical psychologist,West Michael,26,1998-01-19,$70814,26
William Johnson,Armed forces operational officer,North Troy,31,1993-08-27,$91745,31
Robin Silva,Civil engineer consulting,Webbport,33,1991-06-20,$125025,33
Jonathan Tyler,Journalist magazine,Lake Troy,24,2000-01-22,$51799,24
Dustin Zimmerman,Exercise physiologist,East Willieville,25,1999-02-03,$149118,25
Megan Mcdonald,Quality manager,New Danielside,35,1988-12-20,$112258,35
Christopher Jenkins,Fine artist,East Sheila,54,1970-03-12,$65965,54
Nicole Mcdaniel,Art gallery manager,South Christopher,26,1998-02-16,$91160,26
Reginald Serrano,Radio producer,South Lorrainehaven,32,1991-11-19,$123683,32
Sydney Jackson,Therapist occupational,East Michaelport,21,2003-03-15,$131478,21
Nathaniel Ward,Geochemist,Michellemouth,33,1991-05-12,$51137,33
Michael Reilly,Purchasing manager,Lake Stacy,37,1987-08-06,$79038,37
Amy Cooper,Lawyer,West Michael,27,1997-04-17,$92597,27
Gabriel Johnson,Health and safety inspector,Barberstad,30,1993-12-17,$117420,30
Tiffany Bailey,Teacher primary school,North Jason,45,1979-03-03,$91890,45
Robert Edwards,Race relations officer,West Lisa,50,1974-07-12,$114913,50
Michael Gutierrez,Engineer agricultural,North Kimberly,54,1970-03-20,$141966,54
Sarah Chapman,Sports therapist,Duarteview,52,1972-04-11,$102360,52
Jorge Pearson,Secondary school teacher,South Alisonmouth,37,1987-02-02,$123631,37
Tara Mcgee,Automotive engineer,Lake Kennethfort,25,1999-06-22,$59881,25
Jesus Patel,Clinical molecular geneticist,Lake Roberthaven,27,1996-12-07,$85404,27
Tracy Craig,Health physicist,Samuelburgh,30,1993-09-22,$88134,30
Brenda Wright,Doctor hospital,Luceroport,33,1991-03-28,$126638,33
Steven Austin,Drilling engineer,Matthewshire,35,1989-04-07,$96076,35
Miss Lindsey Mejia,Contractor,Lake Brettfurt,42,1982-02-17,$76262,42
Alyssa Hardy,Production assistant television,Port Eric,30,1994-06-18,$68870,30
Raymond Sanchez,Chief Financial Officer,New Michaeltown,56,1968-04-06,$93747,56
Brian Oliver,Therapist sports,Valenciachester,56,1967-09-15,$57978,56
Kimberly Trujillo,Operational researcher,South Anneview,33,1991-05-05,$144116,33
Dawn King,Clinical molecular geneticist,Tonyamouth,57,1967-09-01,$119637,57
Nicole Ball,Farm manager,Thomasview,23,2001-02-28,$124280,23
Maria Barajas,Financial adviser,North Daniel,22,2002-08-18,$140836,22
Julia Rodriguez,Product designer,Leeberg,22,2002-07-09,$107460,22
Patricia Parker,Recruitment consultant,Mosleytown,52,1972-02-03,$101049,52
Sandy Ferguson,Commissioning editor,Jacobburgh,25,1999-05-10,$57301,25
Jodi Morse,Information systems manager,North Davidhaven,55,1969-01-30,$74055,55
Ashley Rice,Health promotion specialist,Fitzgeraldmouth,49,1975-05-05,$66384,49
Roger Shields,Illustrator,New Yolanda,32,1991-11-22,$139315,32
Thomas Mcguire,Restaurant manager,Nathanhaven,28,1995-10-02,$97164,28
Jeffery Brown,Secretary company,Phillipsport,49,1975-08-20,$102057,49
Eduardo Edwards,Banker,South Jacqueline,40,1983-10-16,$147734,40
Sheena Chan,Jewellery designer,South Emilyport,21,2003-01-12,$100177,21
Austin Watson,Firefighter,Washingtonmouth,20,2004-02-11,$96763,20
Elizabeth Johnson,Print production planner,East Karenborough,59,1964-12-24,$79281,59
Michelle Harrison,Occupational psychologist,Saraport,29,1994-12-06,$78479,29
Matthew Lara,Teacher special educational needs,New Jerry,52,1972-03-17,$80767,52
Andrea Weaver,Magazine journalist,East Jennifer,49,1975-04-16,$117657,49
Brandy James,Tax inspector,New Kyleton,31,1993-08-11,$141727,31
Samuel Walters,Psychologist occupational,Port Laura,55,1969-03-02,$87884,55
Jonathan Johnson,Lecturer higher education,Sheltonside,21,2002-11-25,$93183,21
Renee Brown,Commercial horticulturist,New Tannertown,55,1969-08-01,$117641,55
Annette Pham,Race relations officer,Stephanieland,49,1974-11-29,$131689,49
Matthew Williams,Holiday representative,Toddfurt,28,1996-06-01,$89662,28
Tiffany Rasmussen,Biomedical engineer,Lake Jody,47,1977-03-07,$83118,47
Joshua Lewis,Diplomatic Services operational officer,New Stephenmouth,49,1975-05-16,$102217,49
Kristina Lowe,Chiropractor,North Whitney,30,1994-02-18,$55790,30
Benjamin Sullivan MD,Community pharmacist,Tamarafurt,29,1994-11-12,$85139,29
Christopher Collins,Gaffer,Corystad,23,2001-02-08,$123624,23
Sarah Maldonado,Chief Marketing Officer,West Kevin,50,1973-11-20,$56310,50
Nicholas Bray,Museum/gallery exhibitions officer,Changfurt,52,1971-11-21,$106536,52
Catherine Davis,Scientist biomedical,Whitebury,35,1989-09-08,$52429,35
Laura Rogers,Exhibitions officer museum/gallery,North Matthew,43,1981-08-31,$125810,43
Debra Vasquez,Quarry manager,Port Kyle,26,1998-06-18,$98743,26
Brett Dunn,Research scientist (medical),Port Eric,37,1987-03-15,$71714,37
Pamela Howell,Ambulance person,Floydside,22,2001-10-14,$82360,22
Jenny Thompson,Education officer environmental,South Dawntown,27,1996-11-16,$89076,27
Allison Neal,Estate agent,Port Kimberly,20,2004-06-24,$100105,20
Debra Jones,Research officer trade union,Annafort,34,1990-06-17,$137964,34
Crystal Ellison,Psychologist educational,South Lindsayhaven,28,1995-11-21,$123518,28
Amber Rodgers,Administrator arts,Ruizmouth,24,2000-01-17,$55637,24
Michael Webster,Occupational therapist,Ellisonfurt,46,1978-07-18,$120099,46
Jaime Mora,Primary school teacher,Karashire,59,1964-09-20,$86703,59
Alyssa Collins,Broadcast journalist,East Hunter,32,1992-01-20,$135236,32
Pam Jones,Water engineer,North Christophershire,42,1982-08-08,$62427,42
Cynthia Bradshaw,Private music teacher,Jacksonport,25,1998-12-20,$99312,25
Spencer Solis,Analytical chemist,South Dalton,28,1996-06-07,$87502,28
Kyle Gonzalez,Farm manager,Hollandchester,42,1982-07-02,$146777,42
Christine Eaton,Radiographer diagnostic,Lake Cindy,43,1981-01-12,$74413,43
Tammy Rios,Geneticist molecular,Harrisfurt,26,1997-11-23,$91594,26
Mr. David Riley,Restaurant manager fast food,North John,27,1997-04-26,$128345,27
Kathryn Moore,Information systems manager,Sarahport,44,1980-02-01,$51878,44
Nathaniel Duncan,Editorial assistant,West David,36,1987-10-24,$129908,36
Amy Webb,IT sales professional,New John,52,1971-10-16,$83069,52
Jordan Reed,Conference centre manager,West Tammyport,33,1991-08-19,$123655,33
Michael Wilkins,Surveyor planning and development,Beckyhaven,33,1991-03-01,$71915,33
Joshua Gregory,Corporate treasurer,New Jamesport,42,1982-04-15,$73013,42
Dustin Simmons,Mudlogger,West Dianabury,45,1978-11-16,$69808,45
Brittany Mills,Illustrator,Briannamouth,58,1966-08-10,$78845,58
Misty Kelly,Fine artist,South Glennside,41,1983-06-05,$67914,41
Jeremy Ortiz,Sports development officer,Lake Travis,54,1970-02-17,$125716,54
Donald Parker II,Production designer theatre/television/film,Philipmouth,34,1990-04-15,$115196,34
Cynthia Dunn,Commissioning editor,North Kevin,41,1983-06-24,$123530,41
Gary Jones,Physicist medical,Michaelland,36,1987-11-17,$63550,36
Krystal Bernard,Engineer electronics,Hernandezland,28,1996-08-31,$52340,28
Jeffrey Cline,Equities trader,Robintown,36,1988-01-24,$134133,36
Dale Hebert,Sub,Hallland,42,1981-11-01,$148431,42
Yvonne Macias,Hotel manager,Lake Michaelhaven,57,1967-05-01,$61798,57
Sara Washington,Surveyor insurance,Riveraburgh,36,1987-11-27,$135540,36
